Channel, Sequential, Size, Date 
4, 44232128, 12416, 19-11-23 23:30:36
Channel, Sequential, Size, Date 
4, 44232188, 12350, 19-11-23 23:30:38
Channel, Sequential, Size, Date 
4, 44232248, 12393, 19-11-23 23:30:40
Channel, Sequential, Size, Date 
4, 44232308, 11030, 19-11-23 23:30:42
Channel, Sequential, Size, Date 
4, 44232368, 11133, 19-11-23 23:30:44
Channel, Sequential, Size, Date 
4, 44232428, 11292, 19-11-23 23:30:46
Channel, Sequential, Size, Date 
4, 44232488, 11100, 19-11-23 23:30:48
Channel, Sequential, Size, Date 
4, 44232548, 12263, 19-11-23 23:30:50
Channel, Sequential, Size, Date 
4, 44232608, 11224, 19-11-23 23:30:52
Channel, Sequential, Size, Date 
4, 44232668, 12455, 19-11-23 23:30:54
Channel, Sequential, Size, Date 
4, 44232728, 12181, 19-11-23 23:30:56
Channel, Sequential, Size, Date 
5, 44230863, 10857, 19-11-23 23:30:26
Channel, Sequential, Size, Date 
5, 44230923, 9704, 19-11-23 23:30:28
Channel, Sequential, Size, Date 
5, 44230983, 10783, 19-11-23 23:30:30
Channel, Sequential, Size, Date 
5, 44231043, 9669, 19-11-23 23:30:32
Channel, Sequential, Size, Date 
5, 44231103, 10803, 19-11-23 23:30:34
Channel, Sequential, Size, Date 
5, 44231163, 10834, 19-11-23 23:30:36
Channel, Sequential, Size, Date 
5, 44231223, 10814, 19-11-23 23:30:38
Channel, Sequential, Size, Date 
5, 44231283, 10885, 19-11-23 23:30:40
Channel, Sequential, Size, Date 
5, 44231343, 10793, 19-11-23 23:30:42
Channel, Sequential, Size, Date 
5, 44231403, 10788, 19-11-23 23:30:44
Channel, Sequential, Size, Date 
5, 44231463, 9498, 19-11-23 23:30:46
Channel, Sequential, Size, Date 
5, 44231523, 9517, 19-11-23 23:30:48
Channel, Sequential, Size, Date 
5, 44231583, 9552, 19-11-23 23:30:50
Channel, Sequential, Size, Date 
5, 44231643, 9473, 19-11-23 23:30:52
Channel, Sequential, Size, Date 
5, 44231703, 10662, 19-11-23 23:30:54
Channel, Sequential, Size, Date 
5, 44231763, 10692, 19-11-23 23:30:56
Channel, Sequential, Size, Date 
6, 44232081, 16359, 19-11-23 23:30:26
Channel, Sequential, Size, Date 
6, 44232141, 14855, 19-11-23 23:30:28
Channel, Sequential, Size, Date 
6, 44232201, 13614, 19-11-23 23:30:30
Channel, Sequential, Size, Date 
6, 44232261, 14705, 19-11-23 23:30:32
Channel, Sequential, Size, Date 
6, 44232321, 14833, 19-11-23 23:30:34
Channel, Sequential, Size, Date 
6, 44232381, 14779, 19-11-23 23:30:36
Channel, Sequential, Size, Date 
6, 44232441, 13623, 19-11-23 23:30:38
Channel, Sequential, Size, Date 
6, 44232501, 13611, 19-11-23 23:30:40
Channel, Sequential, Size, Date 
6, 44232561, 14808, 19-11-23 23:30:42
Channel, Sequential, Size, Date 
6, 44232621, 14777, 19-11-23 23:30:44
Channel, Sequential, Size, Date 
6, 44232681, 13601, 19-11-23 23:30:46
Channel, Sequential, Size, Date 
6, 44232741, 11532, 19-11-23 23:30:48
Channel, Sequential, Size, Date 
6, 44232801, 13767, 19-11-23 23:30:50
Channel, Sequential, Size, Date 
6, 44232861, 16365, 19-11-23 23:30:52
Channel, Sequential, Size, Date 
6, 44232921, 13522, 19-11-23 23:30:54
Channel, Sequential, Size, Date 
6, 44232981, 14763, 19-11-23 23:30:56
Channel, Sequential, Size, Date 
1, 44231678, 11612, 19-11-23 23:30:26
Channel, Sequential, Size, Date 
1, 44231738, 13107, 19-11-23 23:30:28
Channel, Sequential, Size, Date 
1, 44231798, 11741, 19-11-23 23:30:30
Channel, Sequential, Size, Date 
1, 44231858, 13093, 19-11-23 23:30:32
Channel, Sequential, Size, Date 
1, 44231918, 11516, 19-11-23 23:30:34
Channel, Sequential, Size, Date 
1, 44231978, 13069, 19-11-23 23:30:36
Channel, Sequential, Size, Date 
1, 44232038, 13136, 19-11-23 23:30:38
Channel, Sequential, Size, Date 
1, 44232098, 11695, 19-11-23 23:30:40
Channel, Sequential, Size, Date 
1, 44232158, 13155, 19-11-23 23:30:42
Channel, Sequential, Size, Date 
1, 44232218, 12923, 19-11-23 23:30:44
Channel, Sequential, Size, Date 
1, 44232278, 13103, 19-11-23 23:30:46
Channel, Sequential, Size, Date 
1, 44232338, 11570, 19-11-23 23:30:48
Channel, Sequential, Size, Date 
1, 44232398, 11579, 19-11-23 23:30:50
Channel, Sequential, Size, Date 
1, 44232458, 13072, 19-11-23 23:30:52
Channel, Sequential, Size, Date 
1, 44232518, 12906, 19-11-23 23:30:54
Channel, Sequential, Size, Date 
1, 44232578, 11677, 19-11-23 23:30:56
Channel, Sequential, Size, Date 
0, 44232015, 19230, 19-11-23 23:30:26
Channel, Sequential, Size, Date 
0, 44232075, 20598, 19-11-23 23:30:28
Channel, Sequential, Size, Date 
0, 44232135, 20536, 19-11-23 23:30:30
Channel, Sequential, Size, Date 
0, 44232195, 19812, 19-11-23 23:30:32
Channel, Sequential, Size, Date 
0, 44232255, 17238, 19-11-23 23:30:34
Channel, Sequential, Size, Date 
0, 44232315, 20548, 19-11-23 23:30:36
Channel, Sequential, Size, Date 
0, 44232375, 20532, 19-11-23 23:30:38
Channel, Sequential, Size, Date 
0, 44232435, 21873, 19-11-23 23:30:40
Channel, Sequential, Size, Date 
0, 44232495, 20188, 19-11-23 23:30:42
Channel, Sequential, Size, Date 
0, 44232555, 21629, 19-11-23 23:30:44
Channel, Sequential, Size, Date 
0, 44232615, 18000, 19-11-23 23:30:46
Channel, Sequential, Size, Date 
0, 44232675, 20149, 19-11-23 23:30:48
Channel, Sequential, Size, Date 
0, 44232735, 20291, 19-11-23 23:30:50
Channel, Sequential, Size, Date 
0, 44232795, 20283, 19-11-23 23:30:52
Channel, Sequential, Size, Date 
0, 44232855, 20311, 19-11-23 23:30:54
Channel, Sequential, Size, Date 
0, 44232915, 21677, 19-11-23 23:30:56
Channel, Sequential, Size, Date 
2, 44231960, 13488, 19-11-23 23:30:58
Channel, Sequential, Size, Date 
2, 44232020, 13409, 19-11-23 23:31:0
Channel, Sequential, Size, Date 
2, 44232080, 13782, 19-11-23 23:31:2
Channel, Sequential, Size, Date 
2, 44232140, 13758, 19-11-23 23:31:4
Channel, Sequential, Size, Date 
2, 44232200, 13518, 19-11-23 23:31:6
Channel, Sequential, Size, Date 
2, 44232260, 13546, 19-11-23 23:31:8
Channel, Sequential, Size, Date 
2, 44232320, 13746, 19-11-23 23:31:10
Channel, Sequential, Size, Date 
2, 44232380, 13562, 19-11-23 23:31:12
Channel, Sequential, Size, Date 
2, 44232440, 13459, 19-11-23 23:31:14
Channel, Sequential, Size, Date 
2, 44232500, 12443, 19-11-23 23:31:16
Channel, Sequential, Size, Date 
2, 44232560, 12341, 19-11-23 23:31:18
Channel, Sequential, Size, Date 
2, 44232620, 12198, 19-11-23 23:31:20
Channel, Sequential, Size, Date 
2, 44232680, 11508, 19-11-23 23:31:22
Channel, Sequential, Size, Date 
2, 44232740, 12167, 19-11-23 23:31:24
Channel, Sequential, Size, Date 
2, 44232800, 13572, 19-11-23 23:31:26
Channel, Sequential, Size, Date 
3, 44231844, 8048, 19-11-23 23:30:58
Channel, Sequential, Size, Date 
3, 44231904, 7092, 19-11-23 23:31:0
Channel, Sequential, Size, Date 
3, 44231964, 8025, 19-11-23 23:31:2
Channel, Sequential, Size, Date 
3, 44232024, 7399, 19-11-23 23:31:4
Channel, Sequential, Size, Date 
3, 44232084, 7935, 19-11-23 23:31:6
Channel, Sequential, Size, Date 
3, 44232144, 6788, 19-11-23 23:31:8
Channel, Sequential, Size, Date 
3, 44232204, 7053, 19-11-23 23:31:10
Channel, Sequential, Size, Date 
3, 44232264, 7925, 19-11-23 23:31:12
Channel, Sequential, Size, Date 
3, 44232324, 7970, 19-11-23 23:31:14
Channel, Sequential, Size, Date 
3, 44232384, 7957, 19-11-23 23:31:16
Channel, Sequential, Size, Date 
3, 44232444, 8074, 19-11-23 23:31:18
Channel, Sequential, Size, Date 
3, 44232504, 7967, 19-11-23 23:31:20
Channel, Sequential, Size, Date 
3, 44232564, 8019, 19-11-23 23:31:22
Channel, Sequential, Size, Date 
3, 44232624, 7958, 19-11-23 23:31:24
Channel, Sequential, Size, Date 
3, 44232684, 7734, 19-11-23 23:31:26
Channel, Sequential, Size, Date 
4, 44232788, 11127, 19-11-23 23:30:58
Channel, Sequential, Size, Date 
4, 44232848, 11026, 19-11-23 23:31:0
Channel, Sequential, Size, Date 
4, 44232908, 11144, 19-11-23 23:31:2
Channel, Sequential, Size, Date 
4, 44232968, 11191, 19-11-23 23:31:4
Channel, Sequential, Size, Date 
4, 44233028, 11165, 19-11-23 23:31:6
Channel, Sequential, Size, Date 
4, 44233088, 12429, 19-11-23 23:31:8
Channel, Sequential, Size, Date 
4, 44233148, 11026, 19-11-23 23:31:10
Channel, Sequential, Size, Date 
4, 44233208, 11040, 19-11-23 23:31:12
Channel, Sequential, Size, Date 
4, 44233268, 12202, 19-11-23 23:31:14
Channel, Sequential, Size, Date 
4, 44233328, 11097, 19-11-23 23:31:16
Channel, Sequential, Size, Date 
4, 44233388, 11189, 19-11-23 23:31:18
Channel, Sequential, Size, Date 
4, 44233448, 11209, 19-11-23 23:31:20
Channel, Sequential, Size, Date 
4, 44233508, 11099, 19-11-23 23:31:22
Channel, Sequential, Size, Date 
4, 44233568, 11042, 19-11-23 23:31:24
Channel, Sequential, Size, Date 
4, 44233628, 12377, 19-11-23 23:31:26
Channel, Sequential, Size, Date 
5, 44231823, 10733, 19-11-23 23:30:58
Channel, Sequential, Size, Date 
5, 44231883, 10540, 19-11-23 23:31:0
Channel, Sequential, Size, Date 
5, 44231943, 9472, 19-11-23 23:31:2
Channel, Sequential, Size, Date 
5, 44232003, 10624, 19-11-23 23:31:4
Channel, Sequential, Size, Date 
5, 44232063, 10564, 19-11-23 23:31:6
Channel, Sequential, Size, Date 
5, 44232123, 10733, 19-11-23 23:31:8
Channel, Sequential, Size, Date 
5, 44232183, 10660, 19-11-23 23:31:10
Channel, Sequential, Size, Date 
5, 44232243, 10653, 19-11-23 23:31:12
Channel, Sequential, Size, Date 
5, 44232303, 10682, 19-11-23 23:31:14
Channel, Sequential, Size, Date 
5, 44232363, 9570, 19-11-23 23:31:16
Channel, Sequential, Size, Date 
5, 44232423, 10717, 19-11-23 23:31:18
Channel, Sequential, Size, Date 
5, 44232483, 9571, 19-11-23 23:31:20
Channel, Sequential, Size, Date 
5, 44232543, 9563, 19-11-23 23:31:22
Channel, Sequential, Size, Date 
5, 44232603, 10833, 19-11-23 23:31:24
Channel, Sequential, Size, Date 
5, 44232663, 10810, 19-11-23 23:31:26
Channel, Sequential, Size, Date 
1, 44232638, 13032, 19-11-23 23:30:58
Channel, Sequential, Size, Date 
1, 44232698, 11504, 19-11-23 23:31:0
Channel, Sequential, Size, Date 
1, 44232758, 12944, 19-11-23 23:31:2
Channel, Sequential, Size, Date 
1, 44232818, 13163, 19-11-23 23:31:4
Channel, Sequential, Size, Date 
1, 44232878, 11644, 19-11-23 23:31:6
Channel, Sequential, Size, Date 
1, 44232938, 11633, 19-11-23 23:31:8
Channel, Sequential, Size, Date 
1, 44232998, 13087, 19-11-23 23:31:10
Channel, Sequential, Size, Date 
1, 44233058, 13006, 19-11-23 23:31:12
Channel, Sequential, Size, Date 
1, 44233118, 11600, 19-11-23 23:31:14
Channel, Sequential, Size, Date 
1, 44233178, 13041, 19-11-23 23:31:16
Channel, Sequential, Size, Date 
1, 44233238, 11640, 19-11-23 23:31:18
Channel, Sequential, Size, Date 
1, 44233298, 13036, 19-11-23 23:31:20
Channel, Sequential, Size, Date 
1, 44233358, 11592, 19-11-23 23:31:22
Channel, Sequential, Size, Date 
1, 44233418, 13156, 19-11-23 23:31:24
Channel, Sequential, Size, Date 
1, 44233478, 13062, 19-11-23 23:31:26
Channel, Sequential, Size, Date 
6, 44233041, 14826, 19-11-23 23:30:58
Channel, Sequential, Size, Date 
6, 44233101, 16374, 19-11-23 23:31:0
Channel, Sequential, Size, Date 
6, 44233161, 13597, 19-11-23 23:31:2
Channel, Sequential, Size, Date 
6, 44233221, 13557, 19-11-23 23:31:4
Channel, Sequential, Size, Date 
6, 44233281, 16473, 19-11-23 23:31:6
Channel, Sequential, Size, Date 
6, 44233341, 14827, 19-11-23 23:31:8
Channel, Sequential, Size, Date 
6, 44233401, 13509, 19-11-23 23:31:10
Channel, Sequential, Size, Date 
6, 44233461, 11434, 19-11-23 23:31:12
Channel, Sequential, Size, Date 
6, 44233521, 16346, 19-11-23 23:31:14
Channel, Sequential, Size, Date 
6, 44233581, 14794, 19-11-23 23:31:16
Channel, Sequential, Size, Date 
6, 44233641, 13640, 19-11-23 23:31:18
Channel, Sequential, Size, Date 
6, 44233701, 13597, 19-11-23 23:31:20
Channel, Sequential, Size, Date 
6, 44233761, 14790, 19-11-23 23:31:22
Channel, Sequential, Size, Date 
6, 44233821, 14746, 19-11-23 23:31:24
Channel, Sequential, Size, Date 
6, 44233881, 13547, 19-11-23 23:31:26
Channel, Sequential, Size, Date 
0, 44232975, 19182, 19-11-23 23:30:58
Channel, Sequential, Size, Date 
0, 44233035, 21425, 19-11-23 23:31:0
Channel, Sequential, Size, Date 
0, 44233095, 20258, 19-11-23 23:31:2
Channel, Sequential, Size, Date 
0, 44233155, 21342, 19-11-23 23:31:4
Channel, Sequential, Size, Date 
0, 44233215, 21533, 19-11-23 23:31:6
Channel, Sequential, Size, Date 
0, 44233275, 21408, 19-11-23 23:31:8
Channel, Sequential, Size, Date 
0, 44233335, 21410, 19-11-23 23:31:10
Channel, Sequential, Size, Date 
0, 44233395, 20203, 19-11-23 23:31:12
Channel, Sequential, Size, Date 
0, 44233455, 19700, 19-11-23 23:31:14
Channel, Sequential, Size, Date 
0, 44233515, 18827, 19-11-23 23:31:16
Channel, Sequential, Size, Date 
0, 44233575, 20970, 19-11-23 23:31:18
Channel, Sequential, Size, Date 
0, 44233635, 18016, 19-11-23 23:31:20
Channel, Sequential, Size, Date 
0, 44233695, 16043, 19-11-23 23:31:22
Channel, Sequential, Size, Date 
0, 44233755, 20102, 19-11-23 23:31:24
Channel, Sequential, Size, Date 
0, 44233815, 20642, 19-11-23 23:31:26
Channel, Sequential, Size, Date 
0, 44233875, 20523, 19-11-23 23:31:28
Channel, Sequential, Size, Date 
4, 44233688, 12346, 19-11-23 23:31:28
Channel, Sequential, Size, Date 
4, 44233748, 11203, 19-11-23 23:31:30
Channel, Sequential, Size, Date 
4, 44233808, 10995, 19-11-23 23:31:32
Channel, Sequential, Size, Date 
4, 44233868, 11247, 19-11-23 23:31:34
Channel, Sequential, Size, Date 
4, 44233928, 11342, 19-11-23 23:31:36
Channel, Sequential, Size, Date 
4, 44233988, 11218, 19-11-23 23:31:38
Channel, Sequential, Size, Date 
4, 44234048, 12303, 19-11-23 23:31:40
Channel, Sequential, Size, Date 
4, 44234108, 11086, 19-11-23 23:31:42
Channel, Sequential, Size, Date 
4, 44234168, 12397, 19-11-23 23:31:44
Channel, Sequential, Size, Date 
4, 44234228, 11020, 19-11-23 23:31:46
Channel, Sequential, Size, Date 
4, 44234288, 12584, 19-11-23 23:31:48
Channel, Sequential, Size, Date 
4, 44234348, 10980, 19-11-23 23:31:50
Channel, Sequential, Size, Date 
4, 44234408, 12217, 19-11-23 23:31:52
Channel, Sequential, Size, Date 
4, 44234468, 11102, 19-11-23 23:31:54
Channel, Sequential, Size, Date 
4, 44234528, 11120, 19-11-23 23:31:56
Channel, Sequential, Size, Date 
4, 44234588, 12487, 19-11-23 23:31:58
Channel, Sequential, Size, Date 
5, 44232723, 10833, 19-11-23 23:31:28
Channel, Sequential, Size, Date 
5, 44232783, 9558, 19-11-23 23:31:30
Channel, Sequential, Size, Date 
5, 44232843, 9664, 19-11-23 23:31:32
Channel, Sequential, Size, Date 
5, 44232903, 10792, 19-11-23 23:31:34
Channel, Sequential, Size, Date 
5, 44232963, 10765, 19-11-23 23:31:36
Channel, Sequential, Size, Date 
5, 44233023, 10873, 19-11-23 23:31:38
Channel, Sequential, Size, Date 
5, 44233083, 10870, 19-11-23 23:31:40
Channel, Sequential, Size, Date 
5, 44233143, 9686, 19-11-23 23:31:42
Channel, Sequential, Size, Date 
5, 44233203, 9750, 19-11-23 23:31:44
Channel, Sequential, Size, Date 
5, 44233263, 9869, 19-11-23 23:31:46
Channel, Sequential, Size, Date 
5, 44233323, 9875, 19-11-23 23:31:48
Channel, Sequential, Size, Date 
5, 44233383, 9939, 19-11-23 23:31:50
Channel, Sequential, Size, Date 
5, 44233443, 11028, 19-11-23 23:31:52
Channel, Sequential, Size, Date 
5, 44233503, 11004, 19-11-23 23:31:54
Channel, Sequential, Size, Date 
5, 44233563, 9804, 19-11-23 23:31:56
Channel, Sequential, Size, Date 
5, 44233623, 9719, 19-11-23 23:31:58
Channel, Sequential, Size, Date 
1, 44233538, 13212, 19-11-23 23:31:28
Channel, Sequential, Size, Date 
1, 44233598, 11643, 19-11-23 23:31:30
Channel, Sequential, Size, Date 
1, 44233658, 13120, 19-11-23 23:31:32
Channel, Sequential, Size, Date 
1, 44233718, 11524, 19-11-23 23:31:34
Channel, Sequential, Size, Date 
1, 44233778, 13123, 19-11-23 23:31:36
Channel, Sequential, Size, Date 
1, 44233838, 13115, 19-11-23 23:31:38
Channel, Sequential, Size, Date 
1, 44233898, 13076, 19-11-23 23:31:40
Channel, Sequential, Size, Date 
1, 44233958, 13159, 19-11-23 23:31:42
Channel, Sequential, Size, Date 
1, 44234018, 11639, 19-11-23 23:31:44
Channel, Sequential, Size, Date 
1, 44234078, 11781, 19-11-23 23:31:46
Channel, Sequential, Size, Date 
1, 44234138, 13142, 19-11-23 23:31:48
Channel, Sequential, Size, Date 
1, 44234198, 11592, 19-11-23 23:31:50
Channel, Sequential, Size, Date 
1, 44234258, 11637, 19-11-23 23:31:52
Channel, Sequential, Size, Date 
1, 44234318, 11790, 19-11-23 23:31:54
Channel, Sequential, Size, Date 
1, 44234378, 13112, 19-11-23 23:31:56
Channel, Sequential, Size, Date 
1, 44234438, 13043, 19-11-23 23:31:58
Channel, Sequential, Size, Date 
2, 44232860, 12371, 19-11-23 23:31:28
Channel, Sequential, Size, Date 
2, 44232920, 13438, 19-11-23 23:31:30
Channel, Sequential, Size, Date 
2, 44232980, 13586, 19-11-23 23:31:32
Channel, Sequential, Size, Date 
2, 44233040, 13466, 19-11-23 23:31:34
Channel, Sequential, Size, Date 
2, 44233100, 13484, 19-11-23 23:31:36
Channel, Sequential, Size, Date 
2, 44233160, 13430, 19-11-23 23:31:38
Channel, Sequential, Size, Date 
2, 44233220, 13424, 19-11-23 23:31:40
Channel, Sequential, Size, Date 
2, 44233280, 12322, 19-11-23 23:31:42
Channel, Sequential, Size, Date 
2, 44233340, 13611, 19-11-23 23:31:44
Channel, Sequential, Size, Date 
2, 44233400, 13600, 19-11-23 23:31:46
Channel, Sequential, Size, Date 
2, 44233460, 12143, 19-11-23 23:31:48
Channel, Sequential, Size, Date 
2, 44233520, 13287, 19-11-23 23:31:50
Channel, Sequential, Size, Date 
2, 44233580, 12125, 19-11-23 23:31:52
Channel, Sequential, Size, Date 
2, 44233640, 13718, 19-11-23 23:31:54
Channel, Sequential, Size, Date 
2, 44233700, 13434, 19-11-23 23:31:56
Channel, Sequential, Size, Date 
2, 44233760, 13453, 19-11-23 23:31:58
Channel, Sequential, Size, Date 
3, 44232744, 8026, 19-11-23 23:31:28
Channel, Sequential, Size, Date 
3, 44232804, 7671, 19-11-23 23:31:30
Channel, Sequential, Size, Date 
3, 44232864, 8010, 19-11-23 23:31:32
Channel, Sequential, Size, Date 
3, 44232924, 8084, 19-11-23 23:31:34
Channel, Sequential, Size, Date 
3, 44232984, 8120, 19-11-23 23:31:36
Channel, Sequential, Size, Date 
3, 44233044, 8160, 19-11-23 23:31:38
Channel, Sequential, Size, Date 
3, 44233104, 8056, 19-11-23 23:31:40
Channel, Sequential, Size, Date 
3, 44233164, 8131, 19-11-23 23:31:42
Channel, Sequential, Size, Date 
3, 44233224, 8050, 19-11-23 23:31:44
Channel, Sequential, Size, Date 
3, 44233284, 8115, 19-11-23 23:31:46
Channel, Sequential, Size, Date 
3, 44233344, 8000, 19-11-23 23:31:48
Channel, Sequential, Size, Date 
3, 44233404, 7558, 19-11-23 23:31:50
Channel, Sequential, Size, Date 
3, 44233464, 7957, 19-11-23 23:31:52
Channel, Sequential, Size, Date 
3, 44233524, 7581, 19-11-23 23:31:54
Channel, Sequential, Size, Date 
3, 44233584, 7046, 19-11-23 23:31:56
Channel, Sequential, Size, Date 
3, 44233644, 7126, 19-11-23 23:31:58
Channel, Sequential, Size, Date 
6, 44233941, 13700, 19-11-23 23:31:28
Channel, Sequential, Size, Date 
6, 44234001, 14773, 19-11-23 23:31:30
Channel, Sequential, Size, Date 
6, 44234061, 14825, 19-11-23 23:31:32
Channel, Sequential, Size, Date 
6, 44234121, 13587, 19-11-23 23:31:34
Channel, Sequential, Size, Date 
6, 44234181, 11533, 19-11-23 23:31:36
Channel, Sequential, Size, Date 
6, 44234241, 14837, 19-11-23 23:31:38
Channel, Sequential, Size, Date 
6, 44234301, 14804, 19-11-23 23:31:40
Channel, Sequential, Size, Date 
6, 44234361, 12705, 19-11-23 23:31:42
Channel, Sequential, Size, Date 
6, 44234421, 13453, 19-11-23 23:31:44
Channel, Sequential, Size, Date 
6, 44234481, 13754, 19-11-23 23:31:46
Channel, Sequential, Size, Date 
6, 44234541, 14877, 19-11-23 23:31:48
Channel, Sequential, Size, Date 
6, 44234601, 12735, 19-11-23 23:31:50
Channel, Sequential, Size, Date 
6, 44234661, 14653, 19-11-23 23:31:52
Channel, Sequential, Size, Date 
6, 44234721, 14717, 19-11-23 23:31:54
Channel, Sequential, Size, Date 
6, 44234781, 14779, 19-11-23 23:31:56
Channel, Sequential, Size, Date 
6, 44234841, 13559, 19-11-23 23:31:58
Channel, Sequential, Size, Date 
0, 44233935, 19134, 19-11-23 23:31:30
Channel, Sequential, Size, Date 
0, 44233995, 20382, 19-11-23 23:31:32
Channel, Sequential, Size, Date 
0, 44234055, 21720, 19-11-23 23:31:34
Channel, Sequential, Size, Date 
0, 44234115, 19201, 19-11-23 23:31:36
Channel, Sequential, Size, Date 
0, 44234175, 20331, 19-11-23 23:31:38
Channel, Sequential, Size, Date 
0, 44234235, 20354, 19-11-23 23:31:40
Channel, Sequential, Size, Date 
0, 44234295, 20421, 19-11-23 23:31:42
Channel, Sequential, Size, Date 
0, 44234355, 19155, 19-11-23 23:31:44
Channel, Sequential, Size, Date 
0, 44234415, 20270, 19-11-23 23:31:46
Channel, Sequential, Size, Date 
0, 44234475, 20478, 19-11-23 23:31:48
Channel, Sequential, Size, Date 
0, 44234535, 20369, 19-11-23 23:31:50
Channel, Sequential, Size, Date 
0, 44234595, 20632, 19-11-23 23:31:52
Channel, Sequential, Size, Date 
0, 44234655, 21909, 19-11-23 23:31:54
Channel, Sequential, Size, Date 
0, 44234715, 20648, 19-11-23 23:31:56
Channel, Sequential, Size, Date 
0, 44234775, 20847, 19-11-23 23:31:58
Channel, Sequential, Size, Date 
1, 44234498, 13132, 19-11-23 23:32:0
Channel, Sequential, Size, Date 
1, 44234558, 11747, 19-11-23 23:32:2
Channel, Sequential, Size, Date 
1, 44234618, 11704, 19-11-23 23:32:4
Channel, Sequential, Size, Date 
1, 44234678, 13010, 19-11-23 23:32:6
Channel, Sequential, Size, Date 
1, 44234738, 11804, 19-11-23 23:32:8
Channel, Sequential, Size, Date 
1, 44234798, 12981, 19-11-23 23:32:10
Channel, Sequential, Size, Date 
1, 44234858, 11647, 19-11-23 23:32:12
Channel, Sequential, Size, Date 
1, 44234918, 11636, 19-11-23 23:32:14
Channel, Sequential, Size, Date 
1, 44234978, 13146, 19-11-23 23:32:16
Channel, Sequential, Size, Date 
1, 44235038, 13100, 19-11-23 23:32:18
Channel, Sequential, Size, Date 
1, 44235098, 11707, 19-11-23 23:32:20
Channel, Sequential, Size, Date 
1, 44235158, 13054, 19-11-23 23:32:22
Channel, Sequential, Size, Date 
1, 44235218, 13075, 19-11-23 23:32:24
Channel, Sequential, Size, Date 
1, 44235278, 11674, 19-11-23 23:32:26
Channel, Sequential, Size, Date 
1, 44235338, 13115, 19-11-23 23:32:28
Channel, Sequential, Size, Date 
1, 44235398, 13217, 19-11-23 23:32:30
Channel, Sequential, Size, Date 
4, 44234648, 11125, 19-11-23 23:32:0
Channel, Sequential, Size, Date 
4, 44234708, 12381, 19-11-23 23:32:2
Channel, Sequential, Size, Date 
4, 44234768, 12227, 19-11-23 23:32:4
Channel, Sequential, Size, Date 
4, 44234828, 12462, 19-11-23 23:32:6
Channel, Sequential, Size, Date 
4, 44234888, 11172, 19-11-23 23:32:8
Channel, Sequential, Size, Date 
4, 44234948, 12307, 19-11-23 23:32:10
Channel, Sequential, Size, Date 
4, 44235008, 11144, 19-11-23 23:32:12
Channel, Sequential, Size, Date 
4, 44235068, 11165, 19-11-23 23:32:14
Channel, Sequential, Size, Date 
4, 44235128, 12410, 19-11-23 23:32:16
Channel, Sequential, Size, Date 
4, 44235188, 12423, 19-11-23 23:32:18
Channel, Sequential, Size, Date 
4, 44235248, 12372, 19-11-23 23:32:20
Channel, Sequential, Size, Date 
4, 44235308, 12232, 19-11-23 23:32:22
Channel, Sequential, Size, Date 
4, 44235368, 11132, 19-11-23 23:32:24
Channel, Sequential, Size, Date 
4, 44235428, 11341, 19-11-23 23:32:26
Channel, Sequential, Size, Date 
4, 44235488, 12645, 19-11-23 23:32:28
Channel, Sequential, Size, Date 
4, 44235548, 11063, 19-11-23 23:32:30
Channel, Sequential, Size, Date 
3, 44233704, 8144, 19-11-23 23:32:0
Channel, Sequential, Size, Date 
3, 44233764, 8138, 19-11-23 23:32:2
Channel, Sequential, Size, Date 
3, 44233824, 8058, 19-11-23 23:32:4
Channel, Sequential, Size, Date 
3, 44233884, 8090, 19-11-23 23:32:6
Channel, Sequential, Size, Date 
3, 44233944, 8090, 19-11-23 23:32:8
Channel, Sequential, Size, Date 
3, 44234004, 7952, 19-11-23 23:32:10
Channel, Sequential, Size, Date 
3, 44234064, 7402, 19-11-23 23:32:12
Channel, Sequential, Size, Date 
3, 44234124, 7923, 19-11-23 23:32:14
Channel, Sequential, Size, Date 
3, 44234184, 7821, 19-11-23 23:32:16
Channel, Sequential, Size, Date 
3, 44234244, 7879, 19-11-23 23:32:18
Channel, Sequential, Size, Date 
3, 44234304, 7155, 19-11-23 23:32:20
Channel, Sequential, Size, Date 
3, 44234364, 8061, 19-11-23 23:32:22
Channel, Sequential, Size, Date 
3, 44234424, 8021, 19-11-23 23:32:24
Channel, Sequential, Size, Date 
3, 44234484, 8069, 19-11-23 23:32:26
Channel, Sequential, Size, Date 
3, 44234544, 8067, 19-11-23 23:32:28
Channel, Sequential, Size, Date 
3, 44234604, 8022, 19-11-23 23:32:30
Channel, Sequential, Size, Date 
5, 44233683, 9732, 19-11-23 23:32:0
Channel, Sequential, Size, Date 
5, 44233743, 9594, 19-11-23 23:32:2
Channel, Sequential, Size, Date 
5, 44233803, 10854, 19-11-23 23:32:4
Channel, Sequential, Size, Date 
5, 44233863, 9585, 19-11-23 23:32:6
Channel, Sequential, Size, Date 
5, 44233923, 10836, 19-11-23 23:32:8
Channel, Sequential, Size, Date 
5, 44233983, 10742, 19-11-23 23:32:10
Channel, Sequential, Size, Date 
5, 44234043, 10721, 19-11-23 23:32:12
Channel, Sequential, Size, Date 
5, 44234103, 10818, 19-11-23 23:32:14
Channel, Sequential, Size, Date 
5, 44234163, 10840, 19-11-23 23:32:16
Channel, Sequential, Size, Date 
5, 44234223, 10723, 19-11-23 23:32:18
Channel, Sequential, Size, Date 
5, 44234283, 10789, 19-11-23 23:32:20
Channel, Sequential, Size, Date 
5, 44234343, 10807, 19-11-23 23:32:22
Channel, Sequential, Size, Date 
5, 44234403, 9603, 19-11-23 23:32:24
Channel, Sequential, Size, Date 
5, 44234463, 9723, 19-11-23 23:32:26
Channel, Sequential, Size, Date 
5, 44234523, 9618, 19-11-23 23:32:28
Channel, Sequential, Size, Date 
5, 44234583, 9603, 19-11-23 23:32:30
Channel, Sequential, Size, Date 
2, 44233820, 13528, 19-11-23 23:32:0
Channel, Sequential, Size, Date 
2, 44233880, 13587, 19-11-23 23:32:2
Channel, Sequential, Size, Date 
2, 44233940, 13338, 19-11-23 23:32:4
Channel, Sequential, Size, Date 
2, 44234000, 13766, 19-11-23 23:32:6
Channel, Sequential, Size, Date 
2, 44234060, 13507, 19-11-23 23:32:8
Channel, Sequential, Size, Date 
2, 44234120, 13484, 19-11-23 23:32:10
Channel, Sequential, Size, Date 
2, 44234180, 13570, 19-11-23 23:32:12
Channel, Sequential, Size, Date 
2, 44234240, 12363, 19-11-23 23:32:14
Channel, Sequential, Size, Date 
2, 44234300, 13447, 19-11-23 23:32:16
Channel, Sequential, Size, Date 
2, 44234360, 13474, 19-11-23 23:32:18
Channel, Sequential, Size, Date 
2, 44234420, 11249, 19-11-23 23:32:20
Channel, Sequential, Size, Date 
2, 44234480, 12001, 19-11-23 23:32:22
Channel, Sequential, Size, Date 
2, 44234540, 13819, 19-11-23 23:32:24
Channel, Sequential, Size, Date 
2, 44234600, 12151, 19-11-23 23:32:26
Channel, Sequential, Size, Date 
2, 44234660, 13499, 19-11-23 23:32:28
Channel, Sequential, Size, Date 
2, 44234720, 13559, 19-11-23 23:32:30
Channel, Sequential, Size, Date 
0, 44234835, 21181, 19-11-23 23:32:0
Channel, Sequential, Size, Date 
0, 44234895, 13087, 19-11-23 23:32:2
Channel, Sequential, Size, Date 
0, 44234955, 19973, 19-11-23 23:32:4
Channel, Sequential, Size, Date 
0, 44235015, 18963, 19-11-23 23:32:6
Channel, Sequential, Size, Date 
0, 44235075, 21503, 19-11-23 23:32:8
Channel, Sequential, Size, Date 
0, 44235135, 20165, 19-11-23 23:32:10
Channel, Sequential, Size, Date 
0, 44235195, 20097, 19-11-23 23:32:12
Channel, Sequential, Size, Date 
0, 44235255, 20222, 19-11-23 23:32:14
Channel, Sequential, Size, Date 
0, 44235315, 20298, 19-11-23 23:32:16
Channel, Sequential, Size, Date 
0, 44235375, 21032, 19-11-23 23:32:18
Channel, Sequential, Size, Date 
0, 44235435, 21516, 19-11-23 23:32:20
Channel, Sequential, Size, Date 
0, 44235495, 20180, 19-11-23 23:32:22
Channel, Sequential, Size, Date 
0, 44235555, 16993, 19-11-23 23:32:24
Channel, Sequential, Size, Date 
0, 44235615, 20200, 19-11-23 23:32:26
Channel, Sequential, Size, Date 
0, 44235675, 21402, 19-11-23 23:32:28
Channel, Sequential, Size, Date 
0, 44235735, 18769, 19-11-23 23:32:30
Channel, Sequential, Size, Date 
6, 44234901, 13612, 19-11-23 23:32:0
Channel, Sequential, Size, Date 
6, 44234961, 14789, 19-11-23 23:32:2
Channel, Sequential, Size, Date 
6, 44235021, 14848, 19-11-23 23:32:4
Channel, Sequential, Size, Date 
6, 44235081, 13618, 19-11-23 23:32:6
Channel, Sequential, Size, Date 
6, 44235141, 14745, 19-11-23 23:32:8
Channel, Sequential, Size, Date 
6, 44235201, 14853, 19-11-23 23:32:10
Channel, Sequential, Size, Date 
6, 44235261, 16351, 19-11-23 23:32:12
Channel, Sequential, Size, Date 
6, 44235321, 13640, 19-11-23 23:32:14
Channel, Sequential, Size, Date 
6, 44235381, 14710, 19-11-23 23:32:16
Channel, Sequential, Size, Date 
6, 44235441, 14872, 19-11-23 23:32:18
Channel, Sequential, Size, Date 
6, 44235501, 14806, 19-11-23 23:32:20
Channel, Sequential, Size, Date 
6, 44235561, 14717, 19-11-23 23:32:22
Channel, Sequential, Size, Date 
6, 44235621, 13544, 19-11-23 23:32:24
Channel, Sequential, Size, Date 
6, 44235681, 14896, 19-11-23 23:32:26
Channel, Sequential, Size, Date 
6, 44235741, 14876, 19-11-23 23:32:28
Channel, Sequential, Size, Date 
6, 44235801, 13671, 19-11-23 23:32:30
Channel, Sequential, Size, Date 
1, 44235458, 13101, 19-11-23 23:32:32
Channel, Sequential, Size, Date 
1, 44235518, 13136, 19-11-23 23:32:34
Channel, Sequential, Size, Date 
1, 44235578, 13246, 19-11-23 23:32:36
Channel, Sequential, Size, Date 
1, 44235638, 11683, 19-11-23 23:32:38
Channel, Sequential, Size, Date 
1, 44235698, 13022, 19-11-23 23:32:40
Channel, Sequential, Size, Date 
1, 44235758, 11648, 19-11-23 23:32:42
Channel, Sequential, Size, Date 
1, 44235818, 13031, 19-11-23 23:32:44
Channel, Sequential, Size, Date 
1, 44235878, 13105, 19-11-23 23:32:46
Channel, Sequential, Size, Date 
1, 44235938, 11631, 19-11-23 23:32:48
Channel, Sequential, Size, Date 
1, 44235998, 13015, 19-11-23 23:32:50
Channel, Sequential, Size, Date 
1, 44236058, 11606, 19-11-23 23:32:52
Channel, Sequential, Size, Date 
1, 44236118, 13130, 19-11-23 23:32:54
Channel, Sequential, Size, Date 
1, 44236178, 13245, 19-11-23 23:32:56
Channel, Sequential, Size, Date 
1, 44236238, 13058, 19-11-23 23:32:58
Channel, Sequential, Size, Date 
1, 44236298, 11782, 19-11-23 23:33:0
Channel, Sequential, Size, Date 
4, 44235608, 12339, 19-11-23 23:32:32
Channel, Sequential, Size, Date 
4, 44235668, 11180, 19-11-23 23:32:34
Channel, Sequential, Size, Date 
4, 44235728, 11091, 19-11-23 23:32:36
Channel, Sequential, Size, Date 
4, 44235788, 11097, 19-11-23 23:32:38
Channel, Sequential, Size, Date 
4, 44235848, 11043, 19-11-23 23:32:40
Channel, Sequential, Size, Date 
4, 44235908, 11168, 19-11-23 23:32:42
Channel, Sequential, Size, Date 
4, 44235968, 11300, 19-11-23 23:32:44
Channel, Sequential, Size, Date 
4, 44236028, 11183, 19-11-23 23:32:46
Channel, Sequential, Size, Date 
4, 44236088, 12354, 19-11-23 23:32:48
Channel, Sequential, Size, Date 
4, 44236148, 11217, 19-11-23 23:32:50
Channel, Sequential, Size, Date 
4, 44236208, 12342, 19-11-23 23:32:52
Channel, Sequential, Size, Date 
4, 44236268, 11074, 19-11-23 23:32:54
Channel, Sequential, Size, Date 
4, 44236328, 11139, 19-11-23 23:32:56
Channel, Sequential, Size, Date 
4, 44236388, 11038, 19-11-23 23:32:58
Channel, Sequential, Size, Date 
4, 44236448, 12358, 19-11-23 23:33:0
Channel, Sequential, Size, Date 
0, 44235795, 21211, 19-11-23 23:32:32
Channel, Sequential, Size, Date 
0, 44235855, 21292, 19-11-23 23:32:34
Channel, Sequential, Size, Date 
0, 44235915, 21191, 19-11-23 23:32:36
Channel, Sequential, Size, Date 
0, 44235975, 20332, 19-11-23 23:32:38
Channel, Sequential, Size, Date 
0, 44236035, 19407, 19-11-23 23:32:40
Channel, Sequential, Size, Date 
0, 44236095, 21457, 19-11-23 23:32:42
Channel, Sequential, Size, Date 
0, 44236155, 20653, 19-11-23 23:32:44
Channel, Sequential, Size, Date 
0, 44236215, 21234, 19-11-23 23:32:46
Channel, Sequential, Size, Date 
0, 44236275, 21254, 19-11-23 23:32:48
Channel, Sequential, Size, Date 
0, 44236335, 21217, 19-11-23 23:32:50
Channel, Sequential, Size, Date 
0, 44236395, 20213, 19-11-23 23:32:52
Channel, Sequential, Size, Date 
0, 44236455, 20168, 19-11-23 23:32:54
Channel, Sequential, Size, Date 
0, 44236515, 20534, 19-11-23 23:32:56
Channel, Sequential, Size, Date 
0, 44236575, 17825, 19-11-23 23:32:58
Channel, Sequential, Size, Date 
0, 44236635, 19011, 19-11-23 23:33:0
Channel, Sequential, Size, Date 
2, 44234780, 13503, 19-11-23 23:32:32
Channel, Sequential, Size, Date 
2, 44234840, 13650, 19-11-23 23:32:34
Channel, Sequential, Size, Date 
2, 44234900, 13374, 19-11-23 23:32:36
Channel, Sequential, Size, Date 
2, 44234960, 13398, 19-11-23 23:32:38
Channel, Sequential, Size, Date 
2, 44235020, 13411, 19-11-23 23:32:40
Channel, Sequential, Size, Date 
2, 44235080, 12143, 19-11-23 23:32:42
Channel, Sequential, Size, Date 
2, 44235140, 13401, 19-11-23 23:32:44
Channel, Sequential, Size, Date 
2, 44235200, 13459, 19-11-23 23:32:46
Channel, Sequential, Size, Date 
2, 44235260, 13590, 19-11-23 23:32:48
Channel, Sequential, Size, Date 
2, 44235320, 11927, 19-11-23 23:32:50
Channel, Sequential, Size, Date 
2, 44235380, 13426, 19-11-23 23:32:52
Channel, Sequential, Size, Date 
2, 44235440, 12019, 19-11-23 23:32:54
Channel, Sequential, Size, Date 
2, 44235500, 14001, 19-11-23 23:32:56
Channel, Sequential, Size, Date 
2, 44235560, 12413, 19-11-23 23:32:58
Channel, Sequential, Size, Date 
2, 44235620, 13501, 19-11-23 23:33:0
Channel, Sequential, Size, Date 
5, 44234643, 10727, 19-11-23 23:32:32
Channel, Sequential, Size, Date 
5, 44234703, 9633, 19-11-23 23:32:34
Channel, Sequential, Size, Date 
5, 44234763, 9621, 19-11-23 23:32:36
Channel, Sequential, Size, Date 
5, 44234823, 9583, 19-11-23 23:32:38
Channel, Sequential, Size, Date 
5, 44234883, 10769, 19-11-23 23:32:40
Channel, Sequential, Size, Date 
5, 44234943, 9613, 19-11-23 23:32:42
Channel, Sequential, Size, Date 
5, 44235003, 10721, 19-11-23 23:32:44
Channel, Sequential, Size, Date 
5, 44235063, 10695, 19-11-23 23:32:46
Channel, Sequential, Size, Date 
5, 44235123, 9611, 19-11-23 23:32:48
Channel, Sequential, Size, Date 
5, 44235183, 10755, 19-11-23 23:32:50
Channel, Sequential, Size, Date 
5, 44235243, 10858, 19-11-23 23:32:52
Channel, Sequential, Size, Date 
5, 44235303, 10797, 19-11-23 23:32:54
Channel, Sequential, Size, Date 
5, 44235363, 10798, 19-11-23 23:32:56
Channel, Sequential, Size, Date 
5, 44235423, 10833, 19-11-23 23:32:58
Channel, Sequential, Size, Date 
5, 44235483, 10789, 19-11-23 23:33:0
Channel, Sequential, Size, Date 
6, 44235861, 13617, 19-11-23 23:32:32
Channel, Sequential, Size, Date 
6, 44235921, 14858, 19-11-23 23:32:34
Channel, Sequential, Size, Date 
6, 44235981, 14793, 19-11-23 23:32:36
Channel, Sequential, Size, Date 
6, 44236041, 13648, 19-11-23 23:32:38
Channel, Sequential, Size, Date 
6, 44236101, 13593, 19-11-23 23:32:40
Channel, Sequential, Size, Date 
6, 44236161, 16471, 19-11-23 23:32:42
Channel, Sequential, Size, Date 
6, 44236221, 14847, 19-11-23 23:32:44
Channel, Sequential, Size, Date 
6, 44236281, 12766, 19-11-23 23:32:46
Channel, Sequential, Size, Date 
6, 44236341, 14766, 19-11-23 23:32:48
Channel, Sequential, Size, Date 
6, 44236401, 14825, 19-11-23 23:32:50
Channel, Sequential, Size, Date 
6, 44236461, 16387, 19-11-23 23:32:52
Channel, Sequential, Size, Date 
6, 44236521, 13573, 19-11-23 23:32:54
Channel, Sequential, Size, Date 
6, 44236581, 13616, 19-11-23 23:32:56
Channel, Sequential, Size, Date 
6, 44236641, 16481, 19-11-23 23:32:58
Channel, Sequential, Size, Date 
6, 44236701, 14774, 19-11-23 23:33:0
Channel, Sequential, Size, Date 
3, 44234664, 8117, 19-11-23 23:32:32
Channel, Sequential, Size, Date 
3, 44234724, 7153, 19-11-23 23:32:34
Channel, Sequential, Size, Date 
3, 44234784, 7833, 19-11-23 23:32:36
Channel, Sequential, Size, Date 
3, 44234844, 8040, 19-11-23 23:32:38
Channel, Sequential, Size, Date 
3, 44234904, 7554, 19-11-23 23:32:40
Channel, Sequential, Size, Date 
3, 44234964, 7196, 19-11-23 23:32:42
Channel, Sequential, Size, Date 
3, 44235024, 8089, 19-11-23 23:32:44
Channel, Sequential, Size, Date 
3, 44235084, 8151, 19-11-23 23:32:46
Channel, Sequential, Size, Date 
3, 44235144, 8160, 19-11-23 23:32:48
Channel, Sequential, Size, Date 
3, 44235204, 8006, 19-11-23 23:32:50
Channel, Sequential, Size, Date 
3, 44235264, 7971, 19-11-23 23:32:52
Channel, Sequential, Size, Date 
3, 44235324, 8062, 19-11-23 23:32:54
Channel, Sequential, Size, Date 
3, 44235384, 8058, 19-11-23 23:32:56
Channel, Sequential, Size, Date 
3, 44235444, 8012, 19-11-23 23:32:58
Channel, Sequential, Size, Date 
3, 44235504, 7469, 19-11-23 23:33:0
Channel, Sequential, Size, Date 
1, 44236358, 11611, 19-11-23 23:33:2
Channel, Sequential, Size, Date 
1, 44236418, 13038, 19-11-23 23:33:4
Channel, Sequential, Size, Date 
1, 44236478, 11693, 19-11-23 23:33:6
Channel, Sequential, Size, Date 
1, 44236538, 13186, 19-11-23 23:33:8
Channel, Sequential, Size, Date 
1, 44236598, 11718, 19-11-23 23:33:10
Channel, Sequential, Size, Date 
1, 44236658, 11656, 19-11-23 23:33:12
Channel, Sequential, Size, Date 
1, 44236718, 13110, 19-11-23 23:33:14
Channel, Sequential, Size, Date 
1, 44236778, 11583, 19-11-23 23:33:16
Channel, Sequential, Size, Date 
1, 44236838, 13100, 19-11-23 23:33:18
Channel, Sequential, Size, Date 
1, 44236898, 13077, 19-11-23 23:33:20
Channel, Sequential, Size, Date 
1, 44236958, 13113, 19-11-23 23:33:22
Channel, Sequential, Size, Date 
1, 44237018, 13069, 19-11-23 23:33:24
Channel, Sequential, Size, Date 
1, 44237078, 13120, 19-11-23 23:33:26
Channel, Sequential, Size, Date 
1, 44237138, 11710, 19-11-23 23:33:28
Channel, Sequential, Size, Date 
1, 44237198, 13004, 19-11-23 23:33:30
Channel, Sequential, Size, Date 
1, 44237258, 13045, 19-11-23 23:33:32
Channel, Sequential, Size, Date 
6, 44236761, 13623, 19-11-23 23:33:2
Channel, Sequential, Size, Date 
6, 44236821, 13639, 19-11-23 23:33:4
Channel, Sequential, Size, Date 
6, 44236881, 16446, 19-11-23 23:33:6
Channel, Sequential, Size, Date 
6, 44236941, 14786, 19-11-23 23:33:8
Channel, Sequential, Size, Date 
6, 44237001, 12695, 19-11-23 23:33:10
Channel, Sequential, Size, Date 
6, 44237061, 14766, 19-11-23 23:33:12
Channel, Sequential, Size, Date 
6, 44237121, 14852, 19-11-23 23:33:14
Channel, Sequential, Size, Date 
6, 44237181, 14859, 19-11-23 23:33:16
Channel, Sequential, Size, Date 
6, 44237241, 13596, 19-11-23 23:33:18
Channel, Sequential, Size, Date 
6, 44237301, 14711, 19-11-23 23:33:20
Channel, Sequential, Size, Date 
6, 44237361, 14875, 19-11-23 23:33:22
Channel, Sequential, Size, Date 
6, 44237421, 14857, 19-11-23 23:33:24
Channel, Sequential, Size, Date 
6, 44237481, 12735, 19-11-23 23:33:26
Channel, Sequential, Size, Date 
6, 44237541, 14906, 19-11-23 23:33:28
Channel, Sequential, Size, Date 
6, 44237601, 14932, 19-11-23 23:33:30
Channel, Sequential, Size, Date 
6, 44237661, 14882, 19-11-23 23:33:32
Channel, Sequential, Size, Date 
4, 44236508, 11079, 19-11-23 23:33:2
Channel, Sequential, Size, Date 
4, 44236568, 11137, 19-11-23 23:33:4
Channel, Sequential, Size, Date 
4, 44236628, 12403, 19-11-23 23:33:6
Channel, Sequential, Size, Date 
4, 44236688, 12309, 19-11-23 23:33:8
Channel, Sequential, Size, Date 
4, 44236748, 12382, 19-11-23 23:33:10
Channel, Sequential, Size, Date 
4, 44236808, 11082, 19-11-23 23:33:12
Channel, Sequential, Size, Date 
4, 44236868, 11204, 19-11-23 23:33:14
Channel, Sequential, Size, Date 
4, 44236928, 11203, 19-11-23 23:33:16
Channel, Sequential, Size, Date 
4, 44236988, 11060, 19-11-23 23:33:18
Channel, Sequential, Size, Date 
4, 44237048, 12380, 19-11-23 23:33:20
Channel, Sequential, Size, Date 
4, 44237108, 11193, 19-11-23 23:33:22
Channel, Sequential, Size, Date 
4, 44237168, 11208, 19-11-23 23:33:24
Channel, Sequential, Size, Date 
4, 44237228, 11192, 19-11-23 23:33:26
Channel, Sequential, Size, Date 
4, 44237288, 12410, 19-11-23 23:33:28
Channel, Sequential, Size, Date 
4, 44237348, 11212, 19-11-23 23:33:30
Channel, Sequential, Size, Date 
4, 44237408, 11166, 19-11-23 23:33:32
Channel, Sequential, Size, Date 
3, 44235564, 7983, 19-11-23 23:33:2
Channel, Sequential, Size, Date 
3, 44235624, 7809, 19-11-23 23:33:4
Channel, Sequential, Size, Date 
3, 44235684, 7152, 19-11-23 23:33:6
Channel, Sequential, Size, Date 
3, 44235744, 8211, 19-11-23 23:33:8
Channel, Sequential, Size, Date 
3, 44235804, 8058, 19-11-23 23:33:10
Channel, Sequential, Size, Date 
3, 44235864, 8171, 19-11-23 23:33:12
Channel, Sequential, Size, Date 
3, 44235924, 7930, 19-11-23 23:33:14
Channel, Sequential, Size, Date 
3, 44235984, 8060, 19-11-23 23:33:16
Channel, Sequential, Size, Date 
3, 44236044, 8042, 19-11-23 23:33:18
Channel, Sequential, Size, Date 
3, 44236104, 8079, 19-11-23 23:33:20
Channel, Sequential, Size, Date 
3, 44236164, 7672, 19-11-23 23:33:22
Channel, Sequential, Size, Date 
3, 44236224, 8145, 19-11-23 23:33:24
Channel, Sequential, Size, Date 
3, 44236284, 7820, 19-11-23 23:33:26
Channel, Sequential, Size, Date 
3, 44236344, 8075, 19-11-23 23:33:28
Channel, Sequential, Size, Date 
3, 44236404, 8042, 19-11-23 23:33:30
Channel, Sequential, Size, Date 
3, 44236464, 8198, 19-11-23 23:33:32
Channel, Sequential, Size, Date 
5, 44235543, 10805, 19-11-23 23:33:2
Channel, Sequential, Size, Date 
5, 44235603, 10736, 19-11-23 23:33:4
Channel, Sequential, Size, Date 
5, 44235663, 10719, 19-11-23 23:33:6
Channel, Sequential, Size, Date 
5, 44235723, 10803, 19-11-23 23:33:8
Channel, Sequential, Size, Date 
5, 44235783, 10789, 19-11-23 23:33:10
Channel, Sequential, Size, Date 
5, 44235843, 10748, 19-11-23 23:33:12
Channel, Sequential, Size, Date 
5, 44235903, 10777, 19-11-23 23:33:14
Channel, Sequential, Size, Date 
5, 44235963, 10806, 19-11-23 23:33:16
Channel, Sequential, Size, Date 
5, 44236023, 10830, 19-11-23 23:33:18
Channel, Sequential, Size, Date 
5, 44236083, 9551, 19-11-23 23:33:20
Channel, Sequential, Size, Date 
5, 44236143, 9623, 19-11-23 23:33:22
Channel, Sequential, Size, Date 
5, 44236203, 10776, 19-11-23 23:33:24
Channel, Sequential, Size, Date 
5, 44236263, 10753, 19-11-23 23:33:26
Channel, Sequential, Size, Date 
5, 44236323, 10807, 19-11-23 23:33:28
Channel, Sequential, Size, Date 
5, 44236383, 10877, 19-11-23 23:33:30
Channel, Sequential, Size, Date 
5, 44236443, 10697, 19-11-23 23:33:32
Channel, Sequential, Size, Date 
2, 44235680, 12135, 19-11-23 23:33:2
Channel, Sequential, Size, Date 
2, 44235740, 11937, 19-11-23 23:33:4
Channel, Sequential, Size, Date 
2, 44235800, 12350, 19-11-23 23:33:6
Channel, Sequential, Size, Date 
2, 44235860, 14016, 19-11-23 23:33:8
Channel, Sequential, Size, Date 
2, 44235920, 13560, 19-11-23 23:33:10
Channel, Sequential, Size, Date 
2, 44235980, 12241, 19-11-23 23:33:12
Channel, Sequential, Size, Date 
2, 44236040, 12350, 19-11-23 23:33:14
Channel, Sequential, Size, Date 
2, 44236100, 13603, 19-11-23 23:33:16
Channel, Sequential, Size, Date 
2, 44236160, 13496, 19-11-23 23:33:18
Channel, Sequential, Size, Date 
2, 44236220, 12041, 19-11-23 23:33:20
Channel, Sequential, Size, Date 
2, 44236280, 13738, 19-11-23 23:33:22
Channel, Sequential, Size, Date 
2, 44236340, 12077, 19-11-23 23:33:24
Channel, Sequential, Size, Date 
2, 44236400, 12125, 19-11-23 23:33:26
Channel, Sequential, Size, Date 
2, 44236460, 12576, 19-11-23 23:33:28
Channel, Sequential, Size, Date 
2, 44236520, 11416, 19-11-23 23:33:30
Channel, Sequential, Size, Date 
2, 44236580, 12144, 19-11-23 23:33:32
Channel, Sequential, Size, Date 
0, 44236695, 19010, 19-11-23 23:33:2
Channel, Sequential, Size, Date 
0, 44236755, 20317, 19-11-23 23:33:4
Channel, Sequential, Size, Date 
0, 44236815, 19947, 19-11-23 23:33:6
Channel, Sequential, Size, Date 
0, 44236875, 19520, 19-11-23 23:33:8
Channel, Sequential, Size, Date 
0, 44236935, 19077, 19-11-23 23:33:10
Channel, Sequential, Size, Date 
0, 44236995, 17770, 19-11-23 23:33:12
Channel, Sequential, Size, Date 
0, 44237055, 19505, 19-11-23 23:33:14
Channel, Sequential, Size, Date 
0, 44237115, 20175, 19-11-23 23:33:16
Channel, Sequential, Size, Date 
0, 44237175, 20203, 19-11-23 23:33:18
Channel, Sequential, Size, Date 
0, 44237235, 20218, 19-11-23 23:33:20
Channel, Sequential, Size, Date 
0, 44237295, 20313, 19-11-23 23:33:22
Channel, Sequential, Size, Date 
0, 44237355, 20626, 19-11-23 23:33:24
Channel, Sequential, Size, Date 
0, 44237415, 20655, 19-11-23 23:33:26
Channel, Sequential, Size, Date 
0, 44237475, 19646, 19-11-23 23:33:28
Channel, Sequential, Size, Date 
0, 44237535, 19675, 19-11-23 23:33:30
Channel, Sequential, Size, Date 
0, 44237595, 20423, 19-11-23 23:33:32
Channel, Sequential, Size, Date 
2, 44236640, 13938, 19-11-23 23:33:34
Channel, Sequential, Size, Date 
2, 44236700, 13908, 19-11-23 23:33:36
Channel, Sequential, Size, Date 
2, 44236760, 13541, 19-11-23 23:33:38
Channel, Sequential, Size, Date 
2, 44236820, 13534, 19-11-23 23:33:40
Channel, Sequential, Size, Date 
2, 44236880, 13471, 19-11-23 23:33:42
Channel, Sequential, Size, Date 
2, 44236940, 13409, 19-11-23 23:33:44
Channel, Sequential, Size, Date 
2, 44237000, 11373, 19-11-23 23:33:46
Channel, Sequential, Size, Date 
2, 44237060, 12059, 19-11-23 23:33:48
Channel, Sequential, Size, Date 
2, 44237120, 13434, 19-11-23 23:33:50
Channel, Sequential, Size, Date 
2, 44237180, 12184, 19-11-23 23:33:52
Channel, Sequential, Size, Date 
2, 44237240, 12324, 19-11-23 23:33:54
Channel, Sequential, Size, Date 
2, 44237300, 12177, 19-11-23 23:33:56
Channel, Sequential, Size, Date 
2, 44237360, 12144, 19-11-23 23:33:58
Channel, Sequential, Size, Date 
2, 44237420, 13509, 19-11-23 23:34:0
Channel, Sequential, Size, Date 
2, 44237480, 13541, 19-11-23 23:34:2
Channel, Sequential, Size, Date 
2, 44237540, 13518, 19-11-23 23:34:4
Channel, Sequential, Size, Date 
1, 44237318, 11697, 19-11-23 23:33:34
Channel, Sequential, Size, Date 
1, 44237378, 12983, 19-11-23 23:33:36
Channel, Sequential, Size, Date 
1, 44237438, 13104, 19-11-23 23:33:38
Channel, Sequential, Size, Date 
1, 44237498, 11616, 19-11-23 23:33:40
Channel, Sequential, Size, Date 
1, 44237558, 12997, 19-11-23 23:33:42
Channel, Sequential, Size, Date 
1, 44237618, 13045, 19-11-23 23:33:44
Channel, Sequential, Size, Date 
1, 44237678, 12971, 19-11-23 23:33:46
Channel, Sequential, Size, Date 
1, 44237738, 11540, 19-11-23 23:33:48
Channel, Sequential, Size, Date 
1, 44237798, 12932, 19-11-23 23:33:50
Channel, Sequential, Size, Date 
1, 44237858, 11617, 19-11-23 23:33:52
Channel, Sequential, Size, Date 
1, 44237918, 12969, 19-11-23 23:33:54
Channel, Sequential, Size, Date 
1, 44237978, 11513, 19-11-23 23:33:56
Channel, Sequential, Size, Date 
1, 44238038, 13086, 19-11-23 23:33:58
Channel, Sequential, Size, Date 
1, 44238098, 11665, 19-11-23 23:34:0
Channel, Sequential, Size, Date 
1, 44238158, 13029, 19-11-23 23:34:2
Channel, Sequential, Size, Date 
1, 44238218, 13108, 19-11-23 23:34:4
Channel, Sequential, Size, Date 
4, 44237468, 11258, 19-11-23 23:33:34
Channel, Sequential, Size, Date 
4, 44237528, 12405, 19-11-23 23:33:36
Channel, Sequential, Size, Date 
4, 44237588, 12356, 19-11-23 23:33:38
Channel, Sequential, Size, Date 
4, 44237648, 11135, 19-11-23 23:33:40
Channel, Sequential, Size, Date 
4, 44237708, 12334, 19-11-23 23:33:42
Channel, Sequential, Size, Date 
4, 44237768, 11029, 19-11-23 23:33:44
Channel, Sequential, Size, Date 
4, 44237828, 11200, 19-11-23 23:33:46
Channel, Sequential, Size, Date 
4, 44237888, 11070, 19-11-23 23:33:48
Channel, Sequential, Size, Date 
4, 44237948, 12397, 19-11-23 23:33:50
Channel, Sequential, Size, Date 
4, 44238008, 11198, 19-11-23 23:33:52
Channel, Sequential, Size, Date 
4, 44238068, 11162, 19-11-23 23:33:54
Channel, Sequential, Size, Date 
4, 44238128, 12341, 19-11-23 23:33:56
Channel, Sequential, Size, Date 
4, 44238188, 12501, 19-11-23 23:33:58
Channel, Sequential, Size, Date 
4, 44238248, 10973, 19-11-23 23:34:0
Channel, Sequential, Size, Date 
4, 44238308, 12401, 19-11-23 23:34:2
Channel, Sequential, Size, Date 
4, 44238368, 11167, 19-11-23 23:34:4
Channel, Sequential, Size, Date 
5, 44236503, 10738, 19-11-23 23:33:34
Channel, Sequential, Size, Date 
5, 44236563, 10820, 19-11-23 23:33:36
Channel, Sequential, Size, Date 
5, 44236623, 10810, 19-11-23 23:33:38
Channel, Sequential, Size, Date 
5, 44236683, 10749, 19-11-23 23:33:40
Channel, Sequential, Size, Date 
5, 44236743, 9608, 19-11-23 23:33:42
Channel, Sequential, Size, Date 
5, 44236803, 9590, 19-11-23 23:33:44
Channel, Sequential, Size, Date 
5, 44236863, 10767, 19-11-23 23:33:46
Channel, Sequential, Size, Date 
5, 44236923, 10873, 19-11-23 23:33:48
Channel, Sequential, Size, Date 
5, 44236983, 10765, 19-11-23 23:33:50
Channel, Sequential, Size, Date 
5, 44237043, 10794, 19-11-23 23:33:52
Channel, Sequential, Size, Date 
5, 44237103, 10834, 19-11-23 23:33:54
Channel, Sequential, Size, Date 
5, 44237163, 10775, 19-11-23 23:33:56
Channel, Sequential, Size, Date 
5, 44237223, 10801, 19-11-23 23:33:58
Channel, Sequential, Size, Date 
5, 44237283, 10858, 19-11-23 23:34:0
Channel, Sequential, Size, Date 
5, 44237343, 10762, 19-11-23 23:34:2
Channel, Sequential, Size, Date 
5, 44237403, 10733, 19-11-23 23:34:4
Channel, Sequential, Size, Date 
3, 44236524, 8092, 19-11-23 23:33:34
Channel, Sequential, Size, Date 
3, 44236584, 8186, 19-11-23 23:33:36
Channel, Sequential, Size, Date 
3, 44236644, 8114, 19-11-23 23:33:38
Channel, Sequential, Size, Date 
3, 44236704, 8100, 19-11-23 23:33:40
Channel, Sequential, Size, Date 
3, 44236764, 7964, 19-11-23 23:33:42
Channel, Sequential, Size, Date 
3, 44236824, 8046, 19-11-23 23:33:44
Channel, Sequential, Size, Date 
3, 44236884, 7821, 19-11-23 23:33:46
Channel, Sequential, Size, Date 
3, 44236944, 8116, 19-11-23 23:33:48
Channel, Sequential, Size, Date 
3, 44237004, 7734, 19-11-23 23:33:50
Channel, Sequential, Size, Date 
3, 44237064, 7186, 19-11-23 23:33:52
Channel, Sequential, Size, Date 
3, 44237124, 8172, 19-11-23 23:33:54
Channel, Sequential, Size, Date 
3, 44237184, 8063, 19-11-23 23:33:56
Channel, Sequential, Size, Date 
3, 44237244, 8128, 19-11-23 23:33:58
Channel, Sequential, Size, Date 
3, 44237304, 7949, 19-11-23 23:34:0
Channel, Sequential, Size, Date 
3, 44237364, 8053, 19-11-23 23:34:2
Channel, Sequential, Size, Date 
3, 44237424, 7226, 19-11-23 23:34:4
Channel, Sequential, Size, Date 
6, 44237721, 13665, 19-11-23 23:33:34
Channel, Sequential, Size, Date 
6, 44237781, 14700, 19-11-23 23:33:36
Channel, Sequential, Size, Date 
6, 44237841, 16523, 19-11-23 23:33:38
Channel, Sequential, Size, Date 
6, 44237901, 14874, 19-11-23 23:33:40
Channel, Sequential, Size, Date 
6, 44237961, 13557, 19-11-23 23:33:42
Channel, Sequential, Size, Date 
6, 44238021, 13674, 19-11-23 23:33:44
Channel, Sequential, Size, Date 
6, 44238081, 14812, 19-11-23 23:33:46
Channel, Sequential, Size, Date 
6, 44238141, 14835, 19-11-23 23:33:48
Channel, Sequential, Size, Date 
6, 44238201, 12833, 19-11-23 23:33:50
Channel, Sequential, Size, Date 
6, 44238261, 14781, 19-11-23 23:33:52
Channel, Sequential, Size, Date 
6, 44238321, 16446, 19-11-23 23:33:54
Channel, Sequential, Size, Date 
6, 44238381, 14847, 19-11-23 23:33:56
Channel, Sequential, Size, Date 
6, 44238441, 12746, 19-11-23 23:33:58
Channel, Sequential, Size, Date 
6, 44238501, 13653, 19-11-23 23:34:0
Channel, Sequential, Size, Date 
6, 44238561, 14784, 19-11-23 23:34:2
Channel, Sequential, Size, Date 
6, 44238621, 16436, 19-11-23 23:34:4
Channel, Sequential, Size, Date 
0, 44237655, 21470, 19-11-23 23:33:34
Channel, Sequential, Size, Date 
0, 44237715, 20007, 19-11-23 23:33:36
Channel, Sequential, Size, Date 
0, 44237775, 20049, 19-11-23 23:33:38
Channel, Sequential, Size, Date 
0, 44237835, 21630, 19-11-23 23:33:40
Channel, Sequential, Size, Date 
0, 44237895, 20423, 19-11-23 23:33:42
Channel, Sequential, Size, Date 
0, 44237955, 20465, 19-11-23 23:33:44
Channel, Sequential, Size, Date 
0, 44238015, 20257, 19-11-23 23:33:46
Channel, Sequential, Size, Date 
0, 44238075, 20076, 19-11-23 23:33:48
Channel, Sequential, Size, Date 
0, 44238135, 21283, 19-11-23 23:33:50
Channel, Sequential, Size, Date 
0, 44238195, 19991, 19-11-23 23:33:52
Channel, Sequential, Size, Date 
0, 44238255, 18843, 19-11-23 23:33:54
Channel, Sequential, Size, Date 
0, 44238315, 21207, 19-11-23 23:33:56
Channel, Sequential, Size, Date 
0, 44238375, 21369, 19-11-23 23:33:58
Channel, Sequential, Size, Date 
0, 44238435, 19978, 19-11-23 23:34:0
Channel, Sequential, Size, Date 
0, 44238495, 19914, 19-11-23 23:34:2
Channel, Sequential, Size, Date 
0, 44238555, 19902, 19-11-23 23:34:4
Channel, Sequential, Size, Date 
0, 44238615, 21327, 19-11-23 23:34:6
Channel, Sequential, Size, Date 
0, 44238675, 20037, 19-11-23 23:34:8
Channel, Sequential, Size, Date 
0, 44238735, 20137, 19-11-23 23:34:10
Channel, Sequential, Size, Date 
0, 44238795, 20010, 19-11-23 23:34:12
Channel, Sequential, Size, Date 
0, 44238855, 21297, 19-11-23 23:34:14
Channel, Sequential, Size, Date 
0, 44238915, 19828, 19-11-23 23:34:16
Channel, Sequential, Size, Date 
0, 44238975, 20042, 19-11-23 23:34:18
Channel, Sequential, Size, Date 
0, 44239035, 21303, 19-11-23 23:34:20
Channel, Sequential, Size, Date 
0, 44239095, 21389, 19-11-23 23:34:22
Channel, Sequential, Size, Date 
0, 44239155, 18836, 19-11-23 23:34:24
Channel, Sequential, Size, Date 
0, 44239215, 19870, 19-11-23 23:34:26
Channel, Sequential, Size, Date 
0, 44239275, 21568, 19-11-23 23:34:28
Channel, Sequential, Size, Date 
0, 44239335, 20585, 19-11-23 23:34:30
Channel, Sequential, Size, Date 
0, 44239395, 19988, 19-11-23 23:34:32
